split_type,threshold,model,strategy,bin,count,mean_predicted,observed_rate,min_predicted,max_predicted,abs_gap,weight
Time,0.1,LogisticRegression,equal_width,0,16995,0.0038267803179933444,5.8840835539864665e-05,0.00041107316423116407,0.09989737822870105,0.0037679394824534796,0.47503913237924866
Time,0.1,LogisticRegression,equal_width,1,1614,0.15302564423928208,0.00929368029739777,0.10007382394144965,0.19995335098083128,0.1437319639418843,0.045114042933810376
Time,0.1,LogisticRegression,equal_width,2,1985,0.24986774745152177,0.014105793450881612,0.2000480907833345,0.2999452457026815,0.23576195400064015,0.05548412343470483
Time,0.1,LogisticRegression,equal_width,3,2080,0.35104557776527595,0.035576923076923075,0.3000287584043378,0.39999490522250863,0.3154686546883529,0.05813953488372093
Time,0.1,LogisticRegression,equal_width,4,2123,0.4510225726392235,0.06358926048045219,0.40002755884311925,0.49998924812491174,0.3874333121587713,0.05934145796064401
Time,0.1,LogisticRegression,equal_width,5,2316,0.5487865157711973,0.09974093264248704,0.5000151789582169,0.5999276083530135,0.44904558312871024,0.06473613595706619
Time,0.1,LogisticRegression,equal_width,6,2304,0.6497290830469953,0.1640625,0.6000297120698183,0.6999783275993939,0.4856665830469953,0.06440071556350627
Time,0.1,LogisticRegression,equal_width,7,2268,0.7493626261761466,0.24206349206349206,0.7000641272550091,0.7998514898196475,0.5072991341126545,0.06339445438282648
Time,0.1,LogisticRegression,equal_width,8,2233,0.849037678710813,0.39408866995073893,0.8000098739687942,0.8998983346069596,0.4549490087600741,0.062416144901610016
Time,0.1,LogisticRegression,equal_width,9,1858,0.9464760444994377,0.6496232508073198,0.9000447184789635,0.9998089991100509,0.2968527936921179,0.05193425760286225
Time,0.1,LogisticRegression,equal_frequency,0,3578,0.000745562135667364,0.0,0.00041107316423116407,0.0009814892657693981,0.000745562135667364,0.10001118067978533
Time,0.1,LogisticRegression,equal_frequency,1,3578,0.0010873867327369734,0.0,0.0009816070551572622,0.001169362336539775,0.0010873867327369734,0.10001118067978533
Time,0.1,LogisticRegression,equal_frequency,2,3577,0.0012369685855941918,0.0,0.0011694559857429211,0.001304626253593142,0.0012369685855941918,0.099983228980322
Time,0.1,LogisticRegression,equal_frequency,3,3578,0.0013873604398379753,0.0,0.0013046702652394057,0.001491861352065294,0.0013873604398379753,0.10001118067978533
Time,0.1,LogisticRegression,equal_frequency,4,3577,0.046567395635913084,0.0013978194017332962,0.0014919418404533318,0.15908050114697153,0.04516957623417979,0.099983228980322
Time,0.1,LogisticRegression,equal_frequency,5,3578,0.2532192370755435,0.019284516489659027,0.15908973678206886,0.34270616180214014,0.23393472058588446,0.10001118067978533
Time,0.1,LogisticRegression,equal_frequency,6,3577,0.4281272561147597,0.05591277606933184,0.3427764855573496,0.5106915259622539,0.3722144800454279,0.099983228980322
Time,0.1,LogisticRegression,equal_frequency,7,3578,0.5871100121104172,0.12325321408608161,0.5107927409352916,0.6639152968762166,0.46385679802433566,0.10001118067978533
Time,0.1,LogisticRegression,equal_frequency,8,3577,0.7432954044790033,0.2418227564998602,0.663985499131044,0.8223824851946768,0.5014726479791431,0.099983228980322
Time,0.1,LogisticRegression,equal_frequency,9,3578,0.9050533193631095,0.5360536612632756,0.8224065674371538,0.9998089991100509,0.3689996580998339,0.10001118067978533
Time,0.1,RandomForest,equal_width,0,15750,0.027395710235567645,0.0,0.0007381200304803773,0.09995355528026344,0.027395710235567645,0.4402392665474061
Time,0.1,RandomForest,equal_width,1,663,0.13260389921781315,0.0,0.10006273566981577,0.1998038041937008,0.13260389921781315,0.018531976744186048
Time,0.1,RandomForest,equal_width,2,1909,0.25504023753368876,0.017286537454164485,0.20014143394310702,0.2999158675418085,0.2377537000795243,0.05335979427549195
Time,0.1,RandomForest,equal_width,3,2650,0.352186241748073,0.045283018867924525,0.30001763574841855,0.39997161534078307,0.3069032228801485,0.07407200357781753
Time,0.1,RandomForest,equal_width,4,2914,0.4509685739592013,0.08133150308853809,0.40000056263148703,0.49999026807383784,0.3696370708706632,0.08145125223613596
Time,0.1,RandomForest,equal_width,5,3423,0.5515579500087607,0.11773298276365761,0.5000224457230923,0.5999740010277885,0.4338249672451031,0.09567866726296959
Time,0.1,RandomForest,equal_width,6,3610,0.6483858753721018,0.20664819944598337,0.6000313455327921,0.6999968310588667,0.44173767592611846,0.10090563506261181
Time,0.1,RandomForest,equal_width,7,3218,0.7503594473704398,0.3502175264139217,0.7000216367263301,0.7999556371478096,0.4001419209565181,0.08994856887298748
Time,0.1,RandomForest,equal_width,8,1639,0.8317780534913152,0.5076266015863331,0.8000005879397948,0.8936414752760558,0.32415145190498207,0.04581283542039356
Time,0.1,RandomForest,equal_frequency,0,3578,0.003107269948023205,0.0,0.0007381200304803773,0.008115899179108,0.003107269948023205,0.10001118067978533
Time,0.1,RandomForest,equal_frequency,1,3578,0.012525198634585795,0.0,0.008118020329379173,0.017985086936821857,0.012525198634585795,0.10001118067978533
Time,0.1,RandomForest,equal_frequency,2,3577,0.024826822536007133,0.0,0.017986807266498303,0.032825849795127024,0.024826822536007133,0.099983228980322
Time,0.1,RandomForest,equal_frequency,3,3578,0.04717840852824321,0.0,0.03282946033900374,0.06746340253772566,0.04717840852824321,0.10001118067978533
Time,0.1,RandomForest,equal_frequency,4,3577,0.1583870661026361,0.005311713726586525,0.06748835323315885,0.2806331012262052,0.15307535237604955,0.099983228980322
Time,0.1,RandomForest,equal_frequency,5,3578,0.35258195705829987,0.04332029066517608,0.2806656175694672,0.41715959306325234,0.3092616663931238,0.10001118067978533
Time,0.1,RandomForest,equal_frequency,6,3577,0.47849728858276136,0.0958904109589041,0.4171723690249571,0.5353344889628112,0.38260687762385726,0.099983228980322
Time,0.1,RandomForest,equal_frequency,7,3578,0.5862867310086676,0.14141978759083287,0.5353456332687601,0.6343172395325255,0.4448669434178347,0.10001118067978533
Time,0.1,RandomForest,equal_frequency,8,3577,0.6855245859740584,0.2507688006709533,0.6343469977984729,0.7400754527287151,0.4347557853031051,0.099983228980322
Time,0.1,RandomForest,equal_frequency,9,3578,0.7985499147904205,0.44102850754611517,0.7400987235452503,0.8936414752760558,0.3575214072443053,0.10001118067978533
Time,0.1,XGBoost,equal_width,0,17804,0.011063454672694206,0.0009548416086272748,0.0019159355433657765,0.09996894747018814,0.010108613064066931,0.4976520572450805
Time,0.1,XGBoost,equal_width,1,2117,0.14923708140850067,0.03542749173358526,0.10004313290119171,0.1999036818742752,0.11380958967491542,0.05917374776386404
Time,0.1,XGBoost,equal_width,2,1818,0.2491474598646164,0.0539053905390539,0.2000577300786972,0.29984384775161743,0.19524206932556248,0.05081618962432916
Time,0.1,XGBoost,equal_width,3,1798,0.35149112343788147,0.060066740823136816,0.3001044988632202,0.3999907970428467,0.2914243826147447,0.05025715563506261
Time,0.1,XGBoost,equal_width,4,1948,0.45093441009521484,0.08367556468172485,0.4000265598297119,0.4999896287918091,0.36725884541348996,0.05444991055456172
Time,0.1,XGBoost,equal_width,5,2119,0.5492784380912781,0.13072203869749882,0.5001122951507568,0.5999767184257507,0.41855639939377925,0.0592296511627907
Time,0.1,XGBoost,equal_width,6,2289,0.6518170237541199,0.1874180865006553,0.6000185608863831,0.6999719738960266,0.4643989372534646,0.06398144007155634
Time,0.1,XGBoost,equal_width,7,2394,0.749873161315918,0.260233918128655,0.7000261545181274,0.7999352216720581,0.489639243187263,0.06691636851520573
Time,0.1,XGBoost,equal_width,8,2440,0.8494356870651245,0.41762295081967216,0.8000207543373108,0.8999949097633362,0.43181273624545236,0.06820214669051879
Time,0.1,XGBoost,equal_width,9,1049,0.9260720610618591,0.6568160152526216,0.9000101685523987,0.9708654880523682,0.26925604580923757,0.02932133273703041
Time,0.1,XGBoost,equal_frequency,0,3648,0.002162599004805088,0.0,0.0019159355433657765,0.0024271623697131872,0.002162599004805088,0.10196779964221825
Time,0.1,XGBoost,equal_frequency,1,3553,0.002728420542553067,0.0,0.002432432724162936,0.0030062575824558735,0.002728420542553067,0.09931238819320215
Time,0.1,XGBoost,equal_frequency,2,3549,0.003547746455296874,0.0,0.003009955631569028,0.004191197920590639,0.003547746455296874,0.09920058139534883
Time,0.1,XGBoost,equal_frequency,3,3655,0.0075256917625665665,0.0,0.004191526677459478,0.015362909995019436,0.0075256917625665665,0.10216346153846154
Time,0.1,XGBoost,equal_frequency,4,3483,0.042454078793525696,0.005455067470571347,0.015394361689686775,0.1043088510632515,0.03699901132295435,0.09735576923076923
Time,0.1,XGBoost,equal_frequency,5,3578,0.19018079340457916,0.042481833426495245,0.10431510955095291,0.28502756357192993,0.1476989599780839,0.10001118067978533
Time,0.1,XGBoost,equal_frequency,6,3577,0.3841501474380493,0.0698909700866648,0.28509771823883057,0.478493332862854,0.31425917735138453,0.099983228980322
Time,0.1,XGBoost,equal_frequency,7,3578,0.5629587769508362,0.13527110117384014,0.4786597490310669,0.6473445892333984,0.42768767577699607,0.10001118067978533
Time,0.1,XGBoost,equal_frequency,8,3577,0.7218292951583862,0.24210232038020688,0.6473681330680847,0.7960445880889893,0.4797269747781794,0.099983228980322
Time,0.1,XGBoost,equal_frequency,9,3578,0.8706229329109192,0.48267188373392955,0.7960928082466125,0.9708654880523682,0.38795104917698964,0.10001118067978533
LOGO,0.1,LogisticRegression,equal_width,0,35959,0.023312575593130897,0.022052893573236185,2.500927129439431e-08,0.09999555080201097,0.0012596820198947124,0.495500957682821
LOGO,0.1,LogisticRegression,equal_width,1,9677,0.1462757606444621,0.11625503771830113,0.10000141410677699,0.19998585212847994,0.030020722926160967,0.13334527566107673
LOGO,0.1,LogisticRegression,equal_width,2,6439,0.24698267325520196,0.17658021431899362,0.20000691692147823,0.29995938884344175,0.07040245893620833,0.08872690193052321
LOGO,0.1,LogisticRegression,equal_width,3,4442,0.3473366609079306,0.23660513282305268,0.3000051423570376,0.39998622779801973,0.1107315280848779,0.06120902288793044
LOGO,0.1,LogisticRegression,equal_width,4,3127,0.44794738010793794,0.30444515510073555,0.4000340907403777,0.49996912090101014,0.1435022250072024,0.043088837138802
LOGO,0.1,LogisticRegression,equal_width,5,2415,0.5472550841678365,0.36231884057971014,0.5000899509332659,0.5999887833090313,0.18493624358812638,0.033277755577296717
LOGO,0.1,LogisticRegression,equal_width,6,1969,0.6472331613489928,0.43524631792788215,0.6000346328743051,0.6999975413677311,0.21198684342111063,0.027132049992421216
LOGO,0.1,LogisticRegression,equal_width,7,1591,0.7496049317511662,0.4569453174104337,0.7000177719765954,0.7999768295792181,0.29265961434073245,0.021923357815105207
LOGO,0.1,LogisticRegression,equal_width,8,1469,0.84975267488526,0.42205582028590877,0.8001047182723289,0.899945002804742,0.4276968545993512,0.020242245525072
LOGO,0.1,LogisticRegression,equal_width,9,5483,0.9776606275154651,0.46270289987233265,0.9001596493161289,0.9999999793254295,0.5149577276431325,0.07555359578895152
LOGO,0.1,LogisticRegression,equal_frequency,0,7258,3.8392738437202515e-06,0.004408928079360706,2.500927129439431e-08,8.782396102587792e-06,0.004405088805516985,0.10001240164804123
LOGO,0.1,LogisticRegression,equal_frequency,1,7257,3.209958835737333e-05,0.012539616921592944,8.783115683695786e-06,9.96595199488071e-05,0.01250751733323557,0.09999862203910653
LOGO,0.1,LogisticRegression,equal_frequency,2,7257,0.010577496425243322,0.011161637040099214,9.974016685763463e-05,0.020727788157034892,0.0005841406148558922,0.09999862203910653
LOGO,0.1,LogisticRegression,equal_frequency,3,7257,0.03393543385692923,0.023839051949841532,0.020730651797315505,0.0513861793610295,0.010096381907087698,0.09999862203910653
LOGO,0.1,LogisticRegression,equal_frequency,4,7257,0.07553645724331286,0.06118230673832162,0.051387076727421176,0.10284404605484496,0.01435415050499124,0.09999862203910653
LOGO,0.1,LogisticRegression,equal_frequency,5,7257,0.1365671403324135,0.11023839051949842,0.10286194197706551,0.17433174752327749,0.026328749812915067,0.09999862203910653
LOGO,0.1,LogisticRegression,equal_frequency,6,7257,0.22232222505180804,0.15957007027697395,0.17433184042544309,0.27778602121381213,0.06275215477483409,0.09999862203910653
LOGO,0.1,LogisticRegression,equal_frequency,7,7257,0.3530260183987768,0.2451426209177346,0.27778997450405296,0.44557386262031806,0.1078833974810422,0.09999862203910653
LOGO,0.1,LogisticRegression,equal_frequency,8,7257,0.5921922730246296,0.3869367507234394,0.445619908618874,0.7807419289600376,0.2052555223011902,0.09999862203910653
LOGO,0.1,LogisticRegression,equal_frequency,9,7257,0.9438894538396468,0.45583574479812594,0.7807648471638612,0.9999999793254295,0.4880537090415209,0.09999862203910653
LOGO,0.1,RandomForest,equal_width,0,545,0.042773625097099796,0.003669724770642202,0.027777494981567723,0.0755751030536384,0.039103900326457594,0.007509886869410646
LOGO,0.1,RandomForest,equal_width,1,871,0.1690300452838555,0.004592422502870264,0.1165134506359064,0.19997689304020555,0.16443762278098525,0.012002039382122335
LOGO,0.1,RandomForest,equal_width,2,9621,0.2581878375322201,0.002494543186778921,0.20003410907843097,0.2999714012899121,0.25569329434544114,0.13257361756073363
LOGO,0.1,RandomForest,equal_width,3,16393,0.3529132680025791,0.0321478679924358,0.30000356193323147,0.3999998872545704,0.3207654000101433,0.22588912926651142
LOGO,0.1,RandomForest,equal_width,4,15413,0.44932663809276163,0.096606760526828,0.4000173746049116,0.49998551423031934,0.35271987756593365,0.21238511251050696
LOGO,0.1,RandomForest,equal_width,5,16422,0.5506713286187377,0.21002313969065886,0.5000020058136424,0.5999989614381828,0.3406481889280788,0.22628873792561768
LOGO,0.1,RandomForest,equal_width,6,8744,0.643240995493781,0.3489249771271729,0.6000042757453474,0.6999830190042827,0.2943160183666081,0.1204889005250031
LOGO,0.1,RandomForest,equal_width,7,3437,0.7400120082567321,0.44311899912714575,0.70002307252171,0.7999293925012406,0.2968930091295863,0.04736051590855851
LOGO,0.1,RandomForest,equal_width,8,1125,0.8328272018720329,0.5377777777777778,0.8000328825677215,0.886772847214631,0.29504942409425505,0.015502060051535737
LOGO,0.1,RandomForest,equal_frequency,0,7258,0.21765572039321843,0.002204464039680353,0.027777494981567723,0.2683141277095052,0.21545125635353807,0.10001240164804123
LOGO,0.1,RandomForest,equal_frequency,1,7257,0.2981167890165256,0.006063111478572413,0.2683160998437717,0.3254230768824887,0.2920536775379532,0.09999862203910653
LOGO,0.1,RandomForest,equal_frequency,2,7257,0.3478997714572288,0.02411464792614028,0.3254305663590234,0.36825745655473435,0.3237851235310885,0.09999862203910653
LOGO,0.1,RandomForest,equal_frequency,3,7257,0.3884844919389657,0.06324927656056221,0.36828387375024296,0.40969854121087984,0.3252352153784035,0.09999862203910653
LOGO,0.1,RandomForest,equal_frequency,4,7257,0.43284493592306605,0.08074962105553259,0.40970168116994754,0.45677420108689604,0.3520953148675335,0.09999862203910653
LOGO,0.1,RandomForest,equal_frequency,5,7257,0.4807426742957436,0.1185062698084608,0.4567768574955578,0.5046027143911768,0.3622364044872828,0.09999862203910653
LOGO,0.1,RandomForest,equal_frequency,6,7257,0.5277712851783255,0.1650819898029489,0.5046059559311902,0.5501179152097435,0.36268929537537664,0.09999862203910653
LOGO,0.1,RandomForest,equal_frequency,7,7257,0.5706912557958118,0.24693399476367645,0.5501284397535252,0.5920312844655177,0.32375726103213537,0.09999862203910653
LOGO,0.1,RandomForest,equal_frequency,8,7257,0.6219381661911938,0.3289237977125534,0.592036123313338,0.661148260748654,0.2930143684786404,0.09999862203910653
LOGO,0.1,RandomForest,equal_frequency,9,7257,0.731892486941824,0.4350282485875706,0.6611598540926171,0.886772847214631,0.29686423835425335,0.09999862203910653
LOGO,0.1,XGBoost,equal_width,0,4018,0.06839301437139511,0.009457441513190641,0.0022638728842139244,0.09999381750822067,0.05893557285820447,0.0553664686996183
LOGO,0.1,XGBoost,equal_width,1,11435,0.15211448073387146,0.018714473108876258,0.10002557188272476,0.1999932825565338,0.1334000076249952,0.15756982816827658
LOGO,0.1,XGBoost,equal_width,2,14985,0.2497863918542862,0.036970303636970306,0.20000791549682617,0.2999899983406067,0.2128160882173159,0.20648743988645601
LOGO,0.1,XGBoost,equal_width,3,11042,0.345927357673645,0.07915232747690636,0.3000033497810364,0.39998874068260193,0.26677503019673865,0.1521544418569401
LOGO,0.1,XGBoost,equal_width,4,7740,0.4483151137828827,0.15387596899224806,0.4000023305416107,0.4999791383743286,0.2944391447906346,0.10665417315456588
LOGO,0.1,XGBoost,equal_width,5,6304,0.5485011339187622,0.21113578680203046,0.5000113844871521,0.5999889969825745,0.3373653471167317,0.08686665472433892
LOGO,0.1,XGBoost,equal_width,6,5393,0.6480616927146912,0.27813832746152417,0.6000087261199951,0.6999911069869995,0.369923365253167,0.07431343098482865
LOGO,0.1,XGBoost,equal_width,7,4641,0.7510445713996887,0.3273001508295626,0.7000067830085754,0.7999945282936096,0.4237444205701261,0.06395116506593543
LOGO,0.1,XGBoost,equal_width,8,4907,0.8505129814147949,0.43713062971265537,0.8000074028968811,0.899985671043396,0.41338235170213955,0.06761654104256522
LOGO,0.1,XGBoost,equal_width,9,2106,0.9236874580383301,0.6210826210826211,0.9000281691551208,0.9746934771537781,0.30260483695570894,0.0290198564164749
LOGO,0.1,XGBoost,equal_frequency,0,7258,0.08949363976716995,0.010057867181041609,0.0022638728842139244,0.13114100694656372,0.07943577258612834,0.10001240164804123
LOGO,0.1,XGBoost,equal_frequency,1,7257,0.1626613438129425,0.020807496210555325,0.13116928935050964,0.19277963042259216,0.14185384760238717,0.09999862203910653
LOGO,0.1,XGBoost,equal_frequency,2,7257,0.2185981571674347,0.028110789582472095,0.1927923709154129,0.24247503280639648,0.1904873675849626,0.09999862203910653
LOGO,0.1,XGBoost,equal_frequency,3,7257,0.26535484194755554,0.04368196224335125,0.24247564375400543,0.2893874943256378,0.2216728797042043,0.09999862203910653
LOGO,0.1,XGBoost,equal_frequency,4,7257,0.31746092438697815,0.05815075099903541,0.28940290212631226,0.3465133309364319,0.2593101733879427,0.09999862203910653
LOGO,0.1,XGBoost,equal_frequency,5,7257,0.3833734691143036,0.11010059253134905,0.3465140759944916,0.4248446524143219,0.2732728765829545,0.09999862203910653
LOGO,0.1,XGBoost,equal_frequency,6,7257,0.4722706973552704,0.166597767672592,0.4248661398887634,0.5233287811279297,0.3056729296826784,0.09999862203910653
LOGO,0.1,XGBoost,equal_frequency,7,7257,0.5822219252586365,0.23067383216205042,0.5233369469642639,0.6437636017799377,0.3515480930965861,0.09999862203910653
LOGO,0.1,XGBoost,equal_frequency,8,7257,0.7179581522941589,0.31541959487391485,0.6438131332397461,0.7954637408256531,0.4025385574202441,0.09999862203910653
LOGO,0.1,XGBoost,equal_frequency,9,7257,0.8699756860733032,0.48725368609618297,0.7954661846160889,0.9746934771537781,0.38272199997712025,0.09999862203910653
Time,0.2,LogisticRegression,equal_width,0,21108,0.01456277249102467,9.475080538184574e-05,7.799326946532884e-05,0.09998458583224812,0.014468021685642825,0.5900044722719141
Time,0.2,LogisticRegression,equal_width,1,3495,0.14764042241108394,0.0011444921316165952,0.10000587074029925,0.19997068914761454,0.14649593027946733,0.09769118962432916
Time,0.2,LogisticRegression,equal_width,2,2522,0.24647875838933062,0.0031720856463124504,0.20002092611112898,0.2999370521761261,0.24330667274301818,0.07049418604651163
Time,0.2,LogisticRegression,equal_width,3,1890,0.3474041124439367,0.0068783068783068784,0.3000105535952634,0.3999613696683603,0.34052580556562984,0.05282871198568873
Time,0.2,LogisticRegression,equal_width,4,1498,0.4477774909718301,0.012683578104138851,0.4000142202048648,0.4999531665518684,0.4350939128676913,0.0418716457960644
Time,0.2,LogisticRegression,equal_width,5,1355,0.5482253766505977,0.037638376383763834,0.5001556756978494,0.599716052582901,0.5105870002668338,0.03787455277280859
Time,0.2,LogisticRegression,equal_width,6,1113,0.6480491650169877,0.05211141060197664,0.6000105533268819,0.6997890061021004,0.5959377544150111,0.031110241502683364
Time,0.2,LogisticRegression,equal_width,7,981,0.748688017876319,0.09072375127421,0.7000320306262064,0.7999927662064839,0.657964266602109,0.02742061717352415
Time,0.2,LogisticRegression,equal_width,8,908,0.848986149983121,0.16519823788546256,0.8001816441187428,0.8999408981262731,0.6837879120976584,0.025380143112701252
Time,0.2,LogisticRegression,equal_width,9,906,0.9497846383794333,0.3741721854304636,0.9000565700910036,0.9998192789835236,0.5756124529489697,0.025324239713774597
Time,0.2,LogisticRegression,equal_frequency,0,3578,0.0009078145625112476,0.0,7.799326946532884e-05,0.0015387688843074576,0.0009078145625112476,0.10001118067978533
Time,0.2,LogisticRegression,equal_frequency,1,3578,0.002219705818317985,0.0,0.0015389987939604189,0.0028144470439369317,0.002219705818317985,0.10001118067978533
Time,0.2,LogisticRegression,equal_frequency,2,3577,0.003374443267797298,0.0,0.0028151091547589527,0.0039610344188168,0.003374443267797298,0.099983228980322
Time,0.2,LogisticRegression,equal_frequency,3,3578,0.004719261065681658,0.0,0.003961129083328602,0.005706007309313406,0.004719261065681658,0.10001118067978533
Time,0.2,LogisticRegression,equal_frequency,4,3577,0.014046532848158705,0.0,0.005706930555878327,0.037510511401701106,0.014046532848158705,0.099983228980322
Time,0.2,LogisticRegression,equal_frequency,5,3578,0.07108467319447843,0.0008384572386808273,0.037529619812062154,0.10854846026971485,0.07024621595579761,0.10001118067978533
Time,0.2,LogisticRegression,equal_frequency,6,3577,0.1592835037454616,0.0013978194017332962,0.10855348260288451,0.21428352679879664,0.1578856843437283,0.099983228980322
Time,0.2,LogisticRegression,equal_frequency,7,3578,0.28913974965510353,0.004192286193404136,0.21429738974228785,0.3760887135589076,0.2849474634616994,0.10001118067978533
Time,0.2,LogisticRegression,equal_frequency,8,3577,0.4944151125128882,0.023203802068772716,0.3760988644222139,0.6280326175639561,0.4712113104441155,0.099983228980322
Time,0.2,LogisticRegression,equal_frequency,9,3578,0.8062593538133831,0.1752375628842929,0.6280415683638491,0.9998192789835236,0.6310217909290902,0.10001118067978533
Time,0.2,RandomForest,equal_width,0,17367,0.01778986081229288,0.00017274140611504577,5.96780121303394e-05,0.09994707066600093,0.017617119406177835,0.48543716457960645
Time,0.2,RandomForest,equal_width,1,5236,0.147552991283029,0.003246753246753247,0.10000926632427258,0.19999216414564375,0.14430623803627576,0.14635509838998212
Time,0.2,RandomForest,equal_width,2,3586,0.24981847980875632,0.007808142777467931,0.20001300783711823,0.2999849017149897,0.24201033703128838,0.10023479427549195
Time,0.2,RandomForest,equal_width,3,2945,0.34511830893035256,0.01731748726655348,0.30003205215658724,0.39999527020357506,0.3278008216637991,0.08231775491949911
Time,0.2,RandomForest,equal_width,4,2310,0.44845691678332156,0.0341991341991342,0.4000529263822083,0.4999947823138086,0.41425778258418733,0.06456842576028622
Time,0.2,RandomForest,equal_width,5,1670,0.5471913291184277,0.052095808383233536,0.5000982493739251,0.5999806122057352,0.4950955207351942,0.046679338103756705
Time,0.2,RandomForest,equal_width,6,1222,0.6476954050156641,0.12193126022913257,0.6000047383654005,0.6998578495356976,0.5257641447865316,0.034156976744186045
Time,0.2,RandomForest,equal_width,7,1042,0.7485223027632856,0.18618042226487524,0.7000327680058503,0.7998752816808379,0.5623418804984104,0.02912567084078712
Time,0.2,RandomForest,equal_width,8,396,0.835548162924404,0.31565656565656564,0.8001103365168704,0.8998738252375457,0.5198915972678384,0.011068872987477638
Time,0.2,RandomForest,equal_width,9,2,0.9004348270461059,0.0,0.9000403584941807,0.900829295598031,0.9004348270461059,5.590339892665474e-05
Time,0.2,RandomForest,equal_frequency,0,3578,0.00010329610770859391,0.0,5.96780121303394e-05,0.00037027775987356123,0.00010329610770859391,0.10001118067978533
Time,0.2,RandomForest,equal_frequency,1,3602,0.0031528313007785497,0.0,0.0003797135199754849,0.005630929807380197,0.0031528313007785497,0.10068202146690519
Time,0.2,RandomForest,equal_frequency,2,3553,0.008878945514161619,0.0,0.00563132754298052,0.012683155467897318,0.008878945514161619,0.09931238819320215
Time,0.2,RandomForest,equal_frequency,3,3578,0.019706962842652914,0.0,0.012688280612228158,0.03235732813795151,0.019706962842652914,0.10001118067978533
Time,0.2,RandomForest,equal_frequency,4,3577,0.06984500291986394,0.0011182555213866368,0.032365848520577896,0.10989629533152531,0.0687267473984773,0.099983228980322
Time,0.2,RandomForest,equal_frequency,5,3578,0.14150010514168532,0.002794857462269424,0.10990788316800623,0.17361603646578183,0.1387052476794159,0.10001118067978533
Time,0.2,RandomForest,equal_frequency,6,3577,0.21874528380045133,0.005870841487279843,0.17361616065328425,0.26803022232849905,0.21287444231317149,0.099983228980322
Time,0.2,RandomForest,equal_frequency,7,3578,0.3191972235907077,0.015371716042481833,0.26805358526949113,0.3772390691282394,0.30382550754822585,0.10001118067978533
Time,0.2,RandomForest,equal_frequency,8,3577,0.4548388855828898,0.033547665641599105,0.3772452918981404,0.5409642546775749,0.4212912199412907,0.099983228980322
Time,0.2,RandomForest,equal_frequency,9,3578,0.6780960697714719,0.1461710452766909,0.5410344908861933,0.900829295598031,0.531925024494781,0.10001118067978533
Time,0.2,XGBoost,equal_width,0,24470,0.014232795685529709,0.0008581937065794851,0.0006711320020258427,0.09996234625577927,0.013374601978950225,0.6839780858676208
Time,0.2,XGBoost,equal_width,1,2123,0.14556603133678436,0.010362694300518135,0.10009099543094635,0.19977395236492157,0.13520333703626622,0.05934145796064401
Time,0.2,XGBoost,equal_width,2,1409,0.24694834649562836,0.0127750177430802,0.20005372166633606,0.29986703395843506,0.23417332875254815,0.039383944543828264
Time,0.2,XGBoost,equal_width,3,1361,0.34947681427001953,0.014695077149155033,0.30004698038101196,0.39995071291923523,0.3347817371208645,0.03804226296958855
Time,0.2,XGBoost,equal_width,4,1365,0.45024266839027405,0.02490842490842491,0.40032702684402466,0.49998044967651367,0.4253342434818491,0.03815406976744186
Time,0.2,XGBoost,equal_width,5,1118,0.5477586984634399,0.04293381037567084,0.5002731680870056,0.5997583866119385,0.5048248880877692,0.03125
Time,0.2,XGBoost,equal_width,6,1038,0.6499132513999939,0.057803468208092484,0.6000657081604004,0.6999961137771606,0.5921097831919014,0.02901386404293381
Time,0.2,XGBoost,equal_width,7,1142,0.7511677145957947,0.08318739054290718,0.7001549005508423,0.7999550104141235,0.6679803240528875,0.031920840787119854
Time,0.2,XGBoost,equal_width,8,1149,0.8473386168479919,0.16884247171453437,0.8002928495407104,0.8999810218811035,0.6784961451334576,0.03211650268336315
Time,0.2,XGBoost,equal_width,9,601,0.9295505881309509,0.36772046589018303,0.9000032544136047,0.9802417755126953,0.5618301222407679,0.01679897137745975
Time,0.2,XGBoost,equal_frequency,0,3578,0.00095595937455073,0.0,0.0006711320020258427,0.0010385345667600632,0.00095595937455073,0.10001118067978533
Time,0.2,XGBoost,equal_frequency,1,3580,0.0011426574783399701,0.0,0.001038609305396676,0.0013857398880645633,0.0011426574783399701,0.10006708407871198
Time,0.2,XGBoost,equal_frequency,2,3575,0.0021016960963606834,0.0,0.001385934534482658,0.0026241964660584927,0.0021016960963606834,0.09992732558139535
Time,0.2,XGBoost,equal_frequency,3,3578,0.003827192122116685,0.0,0.0026243897154927254,0.005248651374131441,0.003827192122116685,0.10001118067978533
Time,0.2,XGBoost,equal_frequency,4,3577,0.008350384421646595,0.0002795638803466592,0.00524871377274394,0.013499329797923565,0.008070820541299937,0.099983228980322
Time,0.2,XGBoost,equal_frequency,5,3578,0.025423288345336914,0.0008384572386808273,0.013506807386875153,0.04121192544698715,0.024584831106656088,0.10001118067978533
Time,0.2,XGBoost,equal_frequency,6,3577,0.07320188730955124,0.005870841487279843,0.04121575877070427,0.12142112851142883,0.0673310458222714,0.099983228980322
Time,0.2,XGBoost,equal_frequency,7,3578,0.22157859802246094,0.012856344326439352,0.12144169956445694,0.34440916776657104,0.2087222536960216,0.10001118067978533
Time,0.2,XGBoost,equal_frequency,8,3577,0.4810348153114319,0.030192899077439196,0.3445354700088501,0.6331194043159485,0.45084191623399267,0.099983228980322
Time,0.2,XGBoost,equal_frequency,9,3578,0.7958936095237732,0.15483510340972612,0.6331688165664673,0.9802417755126953,0.641058506114047,0.10001118067978533
LOGO,0.2,LogisticRegression,equal_width,0,32223,0.03166581754663705,0.010148030909598734,2.4903334018109625e-11,0.09999527855656026,0.021517786637038315,0.6239688625537353
LOGO,0.2,LogisticRegression,equal_width,1,6415,0.14181629347867453,0.0509742790335152,0.10002446439343217,0.19998482462713074,0.09084201444515932,0.1242205956392084
LOGO,0.2,LogisticRegression,equal_width,2,3065,0.2453651510470198,0.09396411092985318,0.2000766203522134,0.29993069643912995,0.15140104011716662,0.05935091592114945
LOGO,0.2,LogisticRegression,equal_width,3,1804,0.34547352395486114,0.13359201773835921,0.30005323055390143,0.3999184509812064,0.21188150621650192,0.034932806630262186
LOGO,0.2,LogisticRegression,equal_width,4,1266,0.4465516233045794,0.14139020537124802,0.4002189069540422,0.49970918774283724,0.3051614179333314,0.024514929708376904
LOGO,0.2,LogisticRegression,equal_width,5,977,0.5491547240171171,0.1473899692937564,0.5000606182622309,0.5999444107057863,0.4017647547233607,0.018918709577475698
LOGO,0.2,LogisticRegression,equal_width,6,906,0.6485865897917362,0.16335540838852097,0.6001795190975684,0.6998889509658669,0.48523118140321525,0.017543859649122806
LOGO,0.2,LogisticRegression,equal_width,7,905,0.7527511283306096,0.14917127071823205,0.7001814570453984,0.7997506427644209,0.6035798576123776,0.017524495565624878
LOGO,0.2,LogisticRegression,equal_width,8,1149,0.8530748148678418,0.17928633594429938,0.8000365129709057,0.8999608578457203,0.6737884789235424,0.02224933193911932
LOGO,0.2,LogisticRegression,equal_width,9,2932,0.9662975343829217,0.332537517053206,0.900008734782532,0.9999997961605303,0.6337600173297157,0.05677549281592502
LOGO,0.2,LogisticRegression,equal_frequency,0,5165,0.0032544126662832555,0.0007744433688286545,2.4903334018109625e-11,0.005997704882631349,0.002479969297454601,0.10001549126679835
LOGO,0.2,LogisticRegression,equal_frequency,1,5164,0.009283451542435863,0.0013555383423702555,0.005998209220130009,0.012905964208288916,0.007927913200065608,0.09999612718330042
LOGO,0.2,LogisticRegression,equal_frequency,2,5164,0.017312827923681728,0.004647560030983733,0.012906581781406223,0.022405884378279704,0.012665267892697995,0.09999612718330042
LOGO,0.2,LogisticRegression,equal_frequency,3,5164,0.02862054122065647,0.010844306738962044,0.02240725216818878,0.03593959828141515,0.01777623448169443,0.09999612718330042
LOGO,0.2,LogisticRegression,equal_frequency,4,5164,0.04547127874145688,0.013942680092951201,0.03594223896449519,0.056507104775103886,0.03152859864850568,0.09999612718330042
LOGO,0.2,LogisticRegression,equal_frequency,5,5164,0.07108737765103985,0.024593338497288925,0.05650825689687408,0.08882409274453527,0.04649403915375093,0.09999612718330042
LOGO,0.2,LogisticRegression,equal_frequency,6,5164,0.11559172309384176,0.039504260263361735,0.08882552136740172,0.1481629200162495,0.07608746283048003,0.09999612718330042
LOGO,0.2,LogisticRegression,equal_frequency,7,5164,0.20673427423218774,0.07881487219209915,0.14817030033630985,0.2844234394231255,0.1279194020400886,0.09999612718330042
LOGO,0.2,LogisticRegression,equal_frequency,8,5164,0.44600375520691526,0.1402013942680093,0.28442922698079814,0.67737013391724,0.305802360938906,0.09999612718330042
LOGO,0.2,LogisticRegression,equal_frequency,9,5165,0.8940891025282759,0.26040658276863504,0.6773805420029786,0.9999997961605303,0.6336825197596408,0.10001549126679835
LOGO,0.2,RandomForest,equal_width,0,339,0.07967772654671126,0.0029498525073746312,0.02421005705817027,0.0999779501989922,0.07672787403933663,0.006564424305797607
LOGO,0.2,RandomForest,equal_width,1,5512,0.16953882100892423,0.0021770682148040637,0.10001183047433379,0.19999935208376493,0.16736175279412016,0.10673482824057938
LOGO,0.2,RandomForest,equal_width,2,18260,0.25273676085834695,0.011719605695509309,0.20001327623280196,0.29998996112335113,0.24101715516283764,0.3535881646721661
LOGO,0.2,RandomForest,equal_width,3,14488,0.34424993626263917,0.048591938155715074,0.3000009136003764,0.399974998680906,0.2956579981069241,0.2805468417179815
LOGO,0.2,RandomForest,equal_width,4,7472,0.44409685501570184,0.12740899357601712,0.4000019786030298,0.49999180484829364,0.31668786143968475,0.14468843189651834
LOGO,0.2,RandomForest,equal_width,5,3170,0.5423103146254827,0.1665615141955836,0.5000222508670878,0.5999959236756923,0.3757488004298991,0.061384144688431896
LOGO,0.2,RandomForest,equal_width,6,1241,0.646070694344531,0.22481869460112813,0.6000166919839939,0.6999730477751815,0.4212519997434029,0.024030827620928702
LOGO,0.2,RandomForest,equal_width,7,930,0.7491190375093639,0.20967741935483872,0.700076055640679,0.7999300578398156,0.5394416181545252,0.01800859765307308
LOGO,0.2,RandomForest,equal_width,8,230,0.8170185923670569,0.3695652173913043,0.800064089702986,0.8521673585165417,0.44745337497575255,0.00445373920452345
LOGO,0.2,RandomForest,equal_frequency,0,5165,0.15993605055360383,0.001548886737657309,0.02421005705817027,0.19479690065450228,0.15838716381594653,0.10001549126679835
LOGO,0.2,RandomForest,equal_frequency,1,5164,0.2127228673967646,0.004647560030983733,0.19480614038008864,0.22900947665408836,0.20807530736578086,0.09999612718330042
LOGO,0.2,RandomForest,equal_frequency,2,5164,0.24327293797438843,0.008907823392718823,0.2290119346448605,0.2566990074588267,0.23436511458166961,0.09999612718330042
LOGO,0.2,RandomForest,equal_frequency,3,5164,0.2694610409504098,0.015491866769945779,0.2567115285677727,0.2820268342717488,0.253969174180464,0.09999612718330042
LOGO,0.2,RandomForest,equal_frequency,4,5164,0.295310515350901,0.022463206816421378,0.2820269429217532,0.30920224951065717,0.27284730853447964,0.09999612718330042
LOGO,0.2,RandomForest,equal_frequency,5,5164,0.3237493134816368,0.033113865220759105,0.3092033379617154,0.33929341387216866,0.2906354482608777,0.09999612718330042
LOGO,0.2,RandomForest,equal_frequency,6,5164,0.3571504929633756,0.054221533694810226,0.33930222246585295,0.37653732390264344,0.30292895926856533,0.09999612718330042
LOGO,0.2,RandomForest,equal_frequency,7,5164,0.4017429869169871,0.09256390395042603,0.37654030645402936,0.4294844138379287,0.3091790829665611,0.09999612718330042
LOGO,0.2,RandomForest,equal_frequency,8,5164,0.4645467268890324,0.14659178931061193,0.4294861407948666,0.5083350899802672,0.3179549375784205,0.09999612718330042
LOGO,0.2,RandomForest,equal_frequency,9,5165,0.6197018648663234,0.19554695062923524,0.5083794176337242,0.8521673585165417,0.4241549142370882,0.10001549126679835
LOGO,0.2,XGBoost,equal_width,0,21709,0.042910508811473846,0.005389469805149938,0.00039353244937956333,0.09999735653400421,0.037521039006323906,0.4203748886565199
LOGO,0.2,XGBoost,equal_width,1,9018,0.14248241484165192,0.02262142381902861,0.10001052916049957,0.19996723532676697,0.1198609910226233,0.17462530498431508
LOGO,0.2,XGBoost,equal_width,2,4394,0.24590730667114258,0.040282203004096497,0.20005440711975098,0.2999212443828583,0.2056251036670461,0.08508578288989582
LOGO,0.2,XGBoost,equal_width,3,3085,0.3489142656326294,0.0700162074554295,0.3000051975250244,0.3999638259410858,0.2788980581771999,0.05973819759110801
LOGO,0.2,XGBoost,equal_width,4,2745,0.44915714859962463,0.08816029143897997,0.4000394344329834,0.49998795986175537,0.36099685716064467,0.053154409201812476
LOGO,0.2,XGBoost,equal_width,5,2480,0.5490174889564514,0.10766129032258065,0.5000302791595459,0.5999247431755066,0.44135619863387077,0.04802292707486155
LOGO,0.2,XGBoost,equal_width,6,2187,0.649522602558136,0.14311842706904435,0.6000425815582275,0.6999945044517517,0.5064041754890917,0.04234925060996863
LOGO,0.2,XGBoost,equal_width,7,2183,0.7499401569366455,0.17865322950068713,0.7001047730445862,0.7999934554100037,0.5712869274359584,0.042271794275976916
LOGO,0.2,XGBoost,equal_width,8,2161,0.8510680198669434,0.2184173993521518,0.8000741600990295,0.8999914526939392,0.6326506205147916,0.0418457844390225
LOGO,0.2,XGBoost,equal_width,9,1680,0.935217559337616,0.3404761904761905,0.9000082612037659,0.9788720011711121,0.5947413688614255,0.03253166027651911
LOGO,0.2,XGBoost,equal_frequency,0,5165,0.008099149912595749,0.001548886737657309,0.00039353244937956333,0.0169932022690773,0.00655026317493844,0.10001549126679835
LOGO,0.2,XGBoost,equal_frequency,1,5164,0.026973774656653404,0.0036793183578621223,0.01699375919997692,0.03769226744771004,0.02329445629879128,0.09999612718330042
LOGO,0.2,XGBoost,equal_frequency,2,5164,0.0493868887424469,0.006196746707978312,0.037694234400987625,0.06158860772848129,0.04319014203446859,0.09999612718330042
LOGO,0.2,XGBoost,equal_frequency,3,5164,0.07631595432758331,0.009295120061967466,0.06158897653222084,0.0926356166601181,0.06702083426561585,0.09999612718330042
LOGO,0.2,XGBoost,equal_frequency,4,5164,0.11202459037303925,0.015491866769945779,0.09263983368873596,0.1345384269952774,0.09653272360309346,0.09999612718330042
LOGO,0.2,XGBoost,equal_frequency,5,5164,0.1665244847536087,0.027498063516653758,0.13454310595989227,0.20483475923538208,0.13902642123695494,0.09999612718330042
LOGO,0.2,XGBoost,equal_frequency,6,5164,0.2620561122894287,0.04608830364058869,0.20483601093292236,0.33124616742134094,0.21596780864884002,0.09999612718330042
LOGO,0.2,XGBoost,equal_frequency,7,5164,0.419818252325058,0.08210689388071263,0.3312479555606842,0.5139234662055969,0.33771135844434536,0.09999612718330042
LOGO,0.2,XGBoost,equal_frequency,8,5164,0.6228294372558594,0.133423702556158,0.5139273405075073,0.7379088997840881,0.4894057346997014,0.09999612718330042
LOGO,0.2,XGBoost,equal_frequency,9,5165,0.8576272130012512,0.24975798644724104,0.7379875183105469,0.9788720011711121,0.6078692265540102,0.10001549126679835
