Accuracy,BalancedAcc,Precision,Recall,F1,ROC_AUC,PR_AUC,PositiveRate,PositiveCount,NegativeCount,valid_binary_test,threshold,train_samples,test_samples,feature_count,window,split_type,test_gateway,total_samples,overall_event_rate,test_event_rate,date_count
1.0,1.0,0.0,0.0,0.0,,,0.0,0,128387,0,0.1,117757,128387,33,1min,leave_one_gateway_out,0000024b0b031c97,246144,0.07547614404576183,0.0,187
0.5090747605807847,0.6807880411973123,0.2168211335981338,0.9219839142091153,0.3510795773569496,0.8148448738848159,0.4366457911663038,0.14403768921841212,3730,22166,1,0.1,220248,25896,33,1min,leave_one_gateway_out,00000f0c210281c4,246144,0.07547614404576183,0.14403768921841212,187
0.28455862743354965,0.5785933350795003,0.1672761188505781,0.9922718889962238,0.2862898117414549,0.8091206799622873,0.4147018297867774,0.14460967959056678,11387,67356,1,0.1,167401,78743,33,1min,leave_one_gateway_out,00000f0c210721f2,246144,0.07547614404576183,0.14460967959056678,187
0.6721311475409836,0.7161111111111111,0.5581395348837209,0.96,0.7058823529411765,0.8822222222222222,0.8318320969536142,0.4098360655737705,25,36,1,0.1,246083,61,33,1min,leave_one_gateway_out,00000f0c22433141,246144,0.07547614404576183,0.4098360655737705,187
0.782608695652174,0.612050488211479,0.509090909090909,0.3076923076923077,0.3835616438356164,0.7583438233593033,0.4457972536461505,0.21980676328502416,91,323,1,0.1,245730,414,33,1min,leave_one_gateway_out,00800000a0001793,246144,0.07547614404576183,0.21980676328502416,187
0.7742777997625643,0.6472511709554771,0.62136878385032,0.3772795216741405,0.4694940476190476,0.7993982632369053,0.5811377115703263,0.26474079936683814,3345,9290,1,0.1,233509,12635,33,1min,leave_one_gateway_out,7276ff002e062804,246144,0.07547614404576183,0.26474079936683814,187
1.0,1.0,0.0,0.0,0.0,,,0.0,0,128387,0,0.2,117757,128387,33,1min,leave_one_gateway_out,0000024b0b031c97,246144,0.014934347373894956,0.0,187
0.7639789928946555,0.7690848133764123,0.06790219591963868,0.7744227353463587,0.12485681557846506,0.8485633528364881,0.1405768025981838,0.021740809391411802,563,25333,1,0.2,220248,25896,33,1min,leave_one_gateway_out,00000f0c210281c4,246144,0.014934347373894956,0.021740809391411802,187
0.8239970537063612,0.7733096980907033,0.07693894389438943,0.7205408886027045,0.13903211778592284,0.8566493546209847,0.1416981888931871,0.019722388021792412,1553,77190,1,0.2,167401,78743,33,1min,leave_one_gateway_out,00000f0c210721f2,246144,0.014934347373894956,0.019722388021792412,187
0.639344262295082,0.7427884615384616,0.36363636363636365,0.9230769230769231,0.5217391304347826,0.8493589743589743,0.5935119945414062,0.21311475409836064,13,48,1,0.2,246083,61,33,1min,leave_one_gateway_out,00000f0c22433141,246144,0.014934347373894956,0.21311475409836064,187
0.4855072463768116,0.7068880890052356,0.12757201646090535,0.96875,0.22545454545454546,0.7607984293193717,0.17404399168375084,0.07729468599033816,32,382,1,0.2,245730,414,33,1min,leave_one_gateway_out,00800000a0001793,246144,0.014934347373894956,0.07729468599033816,187
0.8234269885239415,0.7175261770781394,0.3549432739059968,0.5782178217821782,0.4398694451418529,0.8309215399957263,0.3970900222436653,0.11990502572220024,1515,11120,1,0.2,233509,12635,33,1min,leave_one_gateway_out,7276ff002e062804,246144,0.014934347373894956,0.11990502572220024,187
0.000345983925054559,0.000345983925054559,0.0,0.0,0.0,,,0.0,0,37574,0,0.1,72574,37574,33,5min,leave_one_gateway_out,0000024b0b031c97,110148,0.09682427279660094,0.0,187
0.9918918918918919,0.5,0.0,0.0,0.0,0.7986385289810746,0.06347896532962269,0.008108108108108109,42,5138,1,0.1,104968,5180,33,5min,leave_one_gateway_out,00000f0c210281c4,110148,0.09682427279660094,0.008108108108108109,187
0.9893326560416534,0.5,0.0,0.0,0.0,0.6912482694123796,0.028098212972590367,0.010667343958346561,168,15581,1,0.1,94399,15749,33,5min,leave_one_gateway_out,00000f0c210721f2,110148,0.09682427279660094,0.010667343958346561,187
0.4652696365767878,0.6131085437038066,0.35448028673835125,0.9767901234567902,0.5201840894148586,0.7852155413036153,0.5965246088860633,0.29674677608440797,2025,4799,1,0.1,103324,6824,33,5min,leave_one_gateway_out,00000f0c22433141,110148,0.09682427279660094,0.29674677608440797,187
0.8050453098212099,0.6361385911038375,0.5862745098039216,0.3382352941176471,0.42898134863701576,0.7961597869243642,0.5136991027840734,0.21650746999755083,884,3199,1,0.1,106065,4083,33,5min,leave_one_gateway_out,00800000a0001793,110148,0.09682427279660094,0.21650746999755083,187
0.5841024114319738,0.6982082216791995,0.3526546517291768,0.9141414141414141,0.50896309314587,0.824431498467338,0.5965329310884726,0.2357844596606133,792,2567,1,0.1,106789,3359,33,5min,leave_one_gateway_out,00800000a0001794,110148,0.09682427279660094,0.2357844596606133,187
0.6151515151515151,0.696969696969697,0.3216374269005848,0.8333333333333334,0.4641350210970464,0.7995867768595041,0.506549220114824,0.2,66,264,1,0.1,109818,330,33,5min,leave_one_gateway_out,00800000a0001914,110148,0.09682427279660094,0.2,187
0.8336932462344113,0.6578455087077305,0.5573949030712263,0.3826255980861244,0.4537636315276177,0.8008291298400491,0.5105987290644876,0.18053231118069427,6688,30358,1,0.1,73102,37046,33,5min,leave_one_gateway_out,7276ff002e062804,110148,0.09682427279660094,0.18053231118069427,187
0.6426784478628839,0.6426784478628839,0.0,0.0,0.0,,,0.0,0,37574,0,0.2,72574,37574,33,5min,leave_one_gateway_out,0000024b0b031c97,110148,0.026945564150052656,0.0,187
1.0,1.0,0.0,0.0,0.0,,,0.0,0,5180,0,0.2,104968,5180,33,5min,leave_one_gateway_out,00000f0c210281c4,110148,0.026945564150052656,0.0,187
1.0,1.0,0.0,0.0,0.0,,,0.0,0,15749,0,0.2,94399,15749,33,5min,leave_one_gateway_out,00000f0c210721f2,110148,0.026945564150052656,0.0,187
0.5570046893317703,0.7052669739274219,0.2340980187695516,0.91353001017294,0.37269142975721103,0.8225017908449811,0.469817913332192,0.1440504103165299,983,5841,1,0.2,103324,6824,33,5min,leave_one_gateway_out,00000f0c22433141,110148,0.026945564150052656,0.1440504103165299,187
0.9101151114376684,0.6808567108634371,0.35514018691588783,0.41605839416058393,0.3831932773109244,0.8633949941839631,0.32871184415944965,0.06710751898114131,274,3809,1,0.2,106065,4083,33,5min,leave_one_gateway_out,00800000a0001793,110148,0.026945564150052656,0.06710751898114131,187
0.5397439714200655,0.7345282536374587,0.14563646470261257,0.966789667896679,0.2531400966183575,0.8776157677379883,0.39393939360865843,0.08067877344447752,271,3088,1,0.2,106789,3359,33,5min,leave_one_gateway_out,00800000a0001794,110148,0.026945564150052656,0.08067877344447752,187
0.6121212121212121,0.7942122186495177,0.1292517006802721,1.0,0.2289156626506024,0.8911829412760196,0.29420438132114946,0.05757575757575758,19,311,1,0.2,109818,330,33,5min,leave_one_gateway_out,00800000a0001914,110148,0.026945564150052656,0.05757575757575758,187
0.9581871187172705,0.6046198945639962,0.4155672823218997,0.22167487684729065,0.289123451124369,0.8680668963048014,0.289194864416384,0.038357717432381366,1421,35625,1,0.2,73102,37046,33,5min,leave_one_gateway_out,7276ff002e062804,110148,0.026945564150052656,0.038357717432381366,187
0.06845158886464044,0.06845158886464044,0.0,0.0,0.0,,,0.0,0,18787,0,0.1,40598,18787,33,10min,leave_one_gateway_out,0000024b0b031c97,59385,0.07183632230361202,0.0,187
0.9992275009656237,0.5,0.0,0.0,0.0,0.8544646308465405,0.00613275101739858,0.000772499034376207,2,2587,1,0.1,56796,2589,33,10min,leave_one_gateway_out,00000f0c210281c4,59385,0.07183632230361202,0.000772499034376207,187
0.999491998983998,0.5,0.0,0.0,0.0,0.6969504447268107,0.012553684639291691,0.000508001016002032,4,7870,1,0.1,51511,7874,33,10min,leave_one_gateway_out,00000f0c210721f2,59385,0.07183632230361202,0.000508001016002032,187
0.5554285714285714,0.6791519941274943,0.33560171919770776,0.9123661148977604,0.4907043728724797,0.8162704354006926,0.6003814916757345,0.23474285714285714,1027,3348,1,0.1,55010,4375,33,10min,leave_one_gateway_out,00000f0c22433141,59385,0.07183632230361202,0.23474285714285714,187
0.7746781115879828,0.8488948170731707,0.43646408839779005,0.9634146341463414,0.6007604562737643,0.9473450203252033,0.7627137583818868,0.1759656652360515,82,384,1,0.1,58919,466,33,10min,leave_one_gateway_out,00000f0c224331c4,59385,0.07183632230361202,0.1759656652360515,187
0.6122834645669292,0.7212930757294973,0.30581947743467935,0.8925476603119584,0.45555064130915524,0.8390296228401262,0.5650426619665854,0.18173228346456693,577,2598,1,0.1,56210,3175,33,10min,leave_one_gateway_out,00800000a0001793,59385,0.07183632230361202,0.18173228346456693,187
0.48313148788927335,0.6580439193221148,0.2664576802507837,0.9444444444444444,0.4156479217603912,0.8077909058360184,0.4968636871390628,0.19463667820069205,450,1862,1,0.1,57073,2312,33,10min,leave_one_gateway_out,00800000a0001794,59385,0.07183632230361202,0.19463667820069205,187
0.6264705882352941,0.7452103591027246,0.36254295532646047,0.9547511312217195,0.5255292652552926,0.8532271674434672,0.5698511694807421,0.21666666666666667,221,799,1,0.1,58365,1020,33,10min,leave_one_gateway_out,00800000a0001914,59385,0.07183632230361202,0.21666666666666667,187
0.8833235748123702,0.6646565983982945,0.41859154929577463,0.3904361534419338,0.40402392604676457,0.8206719636061366,0.3885991798304763,0.10129344759674243,1903,16884,1,0.1,40598,18787,33,10min,leave_one_gateway_out,7276ff002e062804,59385,0.07183632230361202,0.10129344759674243,187
0.6727524351945494,0.6727524351945494,0.0,0.0,0.0,,,0.0,0,18787,0,0.2,40598,18787,33,10min,leave_one_gateway_out,0000024b0b031c97,59385,0.01399343268502147,0.0,187
0.9996137504828119,0.5,0.0,0.0,0.0,0.9424265842349304,0.006666666666666667,0.0003862495171881035,1,2588,1,0.2,56796,2589,33,10min,leave_one_gateway_out,00000f0c210281c4,59385,0.01399343268502147,0.0003862495171881035,187
0.9998729997459995,0.5,0.0,0.0,0.0,0.8980058427537152,0.0012437810945273632,0.000127000254000508,1,7873,1,0.2,51511,7874,33,10min,leave_one_gateway_out,00000f0c210721f2,59385,0.01399343268502147,0.000127000254000508,187
0.416,0.6718908504051117,0.12769599452242383,0.9815789473684211,0.2259921235989094,0.8360753573545879,0.3734621865035025,0.08685714285714285,380,3995,1,0.2,55010,4375,33,10min,leave_one_gateway_out,00000f0c22433141,59385,0.01399343268502147,0.08685714285714285,187
0.6652360515021459,0.8231292517006803,0.13812154696132597,1.0,0.24271844660194175,0.9652607709750567,0.6827305232870025,0.0536480686695279,25,441,1,0.2,58919,466,33,10min,leave_one_gateway_out,00000f0c224331c4,59385,0.01399343268502147,0.0536480686695279,187
0.6296062992125985,0.7809772124580718,0.09450038729666925,0.9457364341085271,0.17183098591549295,0.9054497701904136,0.3853478984162972,0.04062992125984252,129,3046,1,0.2,56210,3175,33,10min,leave_one_gateway_out,00800000a0001793,59385,0.01399343268502147,0.04062992125984252,187
0.40657439446366783,0.6755678651059086,0.06870748299319727,0.9711538461538461,0.12833545108005082,0.875940635451505,0.30477119067607394,0.04498269896193772,104,2208,1,0.2,57073,2312,33,10min,leave_one_gateway_out,00800000a0001794,59385,0.01399343268502147,0.04498269896193772,187
0.6882352941176471,0.8061654135338345,0.1736842105263158,0.9428571428571428,0.29333333333333333,0.8858796992481203,0.3233796768664461,0.06862745098039216,70,950,1,0.2,58365,1020,33,10min,leave_one_gateway_out,00800000a0001914,59385,0.01399343268502147,0.06862745098039216,187
0.668440943205408,0.7920913792966042,0.017535545023696683,0.9173553719008265,0.034413269260579755,0.9013635079647176,0.13464367850592862,0.006440623835631021,121,18666,1,0.2,40598,18787,33,10min,leave_one_gateway_out,7276ff002e062804,59385,0.01399343268502147,0.006440623835631021,187
0.0007186202491216864,0.0007186202491216864,0.0,0.0,0.0,,,0.0,0,12524,0,0.1,29506,12524,33,15min,leave_one_gateway_out,0000024b0b031c97,42030,0.055270045205805376,0.0,187
0.9994206257242179,0.5,0.0,0.0,0.0,0.447536231884058,0.0010482180293501049,0.0005793742757821553,1,1725,1,0.1,40304,1726,33,15min,leave_one_gateway_out,00000f0c210281c4,42030,0.055270045205805376,0.0005793742757821553,187
0.9996190476190476,0.5,0.0,0.0,0.0,0.5443025914634146,0.001522609514837494,0.00038095238095238096,2,5248,1,0.1,36780,5250,33,15min,leave_one_gateway_out,00000f0c210721f2,42030,0.055270045205805376,0.00038095238095238096,187
0.5866711544934365,0.6953022192859454,0.32731508444962143,0.8850393700787401,0.477891156462585,0.8068459443425736,0.5482822529380416,0.21373274991585325,635,2336,1,0.1,39059,2971,33,15min,leave_one_gateway_out,00000f0c22433141,42030,0.055270045205805376,0.21373274991585325,187
0.8146892655367232,0.8858525133290914,0.41935483870967744,0.9831932773109243,0.5879396984924623,0.9591021787305,0.7244796242195345,0.1344632768361582,119,766,1,0.1,41145,885,33,15min,leave_one_gateway_out,00000f0c224331c4,42030,0.055270045205805376,0.1344632768361582,187
0.7809311224489796,0.7911925264529249,0.25878220140515223,0.8036363636363636,0.39149689991142606,0.8727069365447555,0.4112361065216419,0.08769132653061225,275,2861,1,0.1,38894,3136,33,15min,leave_one_gateway_out,00800000a0001793,42030,0.055270045205805376,0.08769132653061225,187
0.4656290531776913,0.6631082389649514,0.2080078125,0.9424778761061947,0.3408,0.7973579094601502,0.41861491310829335,0.14656290531776914,226,1316,1,0.1,40488,1542,33,15min,leave_one_gateway_out,00800000a0001794,42030,0.055270045205805376,0.14656290531776914,187
0.7785326086956522,0.8495231660733311,0.30022075055187636,0.9379310344827586,0.45484949832775917,0.9196528337187848,0.49837404765747695,0.09850543478260869,145,1327,1,0.1,40558,1472,33,15min,leave_one_gateway_out,00800000a0001914,42030,0.055270045205805376,0.09850543478260869,187
0.7286809326093899,0.7680183370052306,0.18838028169014084,0.8141304347826087,0.3059640522875817,0.847687266759588,0.35667735716901994,0.07345895879910572,920,11604,1,0.1,29506,12524,33,15min,leave_one_gateway_out,7276ff002e062804,42030,0.055270045205805376,0.07345895879910572,187
0.630229958479719,0.630229958479719,0.0,0.0,0.0,,,0.0,0,12524,0,0.2,29506,12524,33,15min,leave_one_gateway_out,0000024b0b031c97,42030,0.008422555317630264,0.0,187
1.0,1.0,0.0,0.0,0.0,,,0.0,0,1726,0,0.2,40304,1726,33,15min,leave_one_gateway_out,00000f0c210281c4,42030,0.008422555317630264,0.0,187
1.0,1.0,0.0,0.0,0.0,,,0.0,0,5250,0,0.2,36780,5250,33,15min,leave_one_gateway_out,00000f0c210721f2,42030,0.008422555317630264,0.0,187
0.6502860989565803,0.7298452832249107,0.13050993949870354,0.8206521739130435,0.22520507084265473,0.8314729879409058,0.2665871692144609,0.06193200942443622,184,2787,1,0.2,39059,2971,33,15min,leave_one_gateway_out,00000f0c22433141,42030,0.008422555317630264,0.06193200942443622,187
0.9186440677966101,0.9584295612009237,0.2087912087912088,1.0,0.34545454545454546,0.9824966573477574,0.5630682751632226,0.021468926553672316,19,866,1,0.2,41145,885,33,15min,leave_one_gateway_out,00000f0c224331c4,42030,0.008422555317630264,0.021468926553672316,187
0.9406887755102041,0.7498880722949657,0.13612565445026178,0.5531914893617021,0.2184873949579832,0.8553411900842385,0.17520071727222758,0.014987244897959183,47,3089,1,0.2,38894,3136,33,15min,leave_one_gateway_out,00800000a0001793,42030,0.008422555317630264,0.014987244897959183,187
0.7607003891050583,0.7248758278145695,0.05774278215223097,0.6875,0.10653753026634383,0.8162665562913907,0.1566443557209443,0.020752269779507133,32,1510,1,0.2,40488,1542,33,15min,leave_one_gateway_out,00800000a0001794,42030,0.008422555317630264,0.020752269779507133,187
0.9239130434782609,0.8847222222222222,0.20149253731343283,0.84375,0.3253012048192771,0.9566623263888888,0.32051994827899927,0.021739130434782608,32,1440,1,0.2,40558,1472,33,15min,leave_one_gateway_out,00800000a0001914,42030,0.008422555317630264,0.021739130434782608,187
0.5808847013733631,0.7274711630887536,0.006630043568857738,0.875,0.01316036849031773,0.8535905959628325,0.024908782419063663,0.0031938677738741618,40,12484,1,0.2,29506,12524,33,15min,leave_one_gateway_out,7276ff002e062804,42030,0.008422555317630264,0.0031938677738741618,187
