Accuracy,BalancedAcc,Precision,Recall,F1,ROC_AUC,PR_AUC,PositiveRate,PositiveCount,NegativeCount,valid_binary_test,threshold,train_samples,test_samples,feature_count,feature_setting,split_type,test_gateway
0.00042582636929791877,0.00042582636929791877,0.0,0.0,0.0,,,0.0,0,37574,0,0.1,72574,37574,33,full_features,leave_one_gateway_out,0000024b0b031c97
0.0,0.0,0.0,0.0,0.0,,,0.0,0,37574,0,0.1,72574,37574,1,current_crc_only,leave_one_gateway_out,0000024b0b031c97
0.00042582636929791877,0.00042582636929791877,0.0,0.0,0.0,,,0.0,0,37574,0,0.1,72574,37574,32,without_current_crc,leave_one_gateway_out,0000024b0b031c97
2.6614148081119923e-05,2.6614148081119923e-05,0.0,0.0,0.0,,,0.0,0,37574,0,0.1,72574,37574,28,without_current_rolling_crc,leave_one_gateway_out,0000024b0b031c97
0.9980305530419972,0.9980305530419972,0.0,0.0,0.0,,,0.0,0,37574,0,0.1,72574,37574,26,without_all_crc,leave_one_gateway_out,0000024b0b031c97
0.8501889604513759,0.8501889604513759,0.0,0.0,0.0,,,0.0,0,37574,0,0.1,72574,37574,8,current_radio_only,leave_one_gateway_out,0000024b0b031c97
1.0,1.0,0.0,0.0,0.0,,,0.0,0,37574,0,0.1,72574,37574,2,delayed_radio_only,leave_one_gateway_out,0000024b0b031c97
0.9918918918918919,0.5,0.0,0.0,0.0,0.799815566553597,0.06542641998263123,0.008108108108108109,42,5138,1,0.1,104968,5180,33,full_features,leave_one_gateway_out,00000f0c210281c4
0.9918918918918919,0.5,0.0,0.0,0.0,0.25597786798643163,0.005133280572289606,0.008108108108108109,42,5138,1,0.1,104968,5180,1,current_crc_only,leave_one_gateway_out,00000f0c210281c4
0.9918918918918919,0.5,0.0,0.0,0.0,0.7996116702811914,0.06538180511365901,0.008108108108108109,42,5138,1,0.1,104968,5180,32,without_current_crc,leave_one_gateway_out,00000f0c210281c4
0.9918918918918919,0.5118074477747502,0.5,0.023809523809523808,0.045454545454545456,0.6870655619195908,0.0556503849453391,0.008108108108108109,42,5138,1,0.1,104968,5180,28,without_current_rolling_crc,leave_one_gateway_out,00000f0c210281c4
0.885907335907336,0.47018943817308945,0.003616636528028933,0.047619047619047616,0.0067226890756302525,0.6623338708780515,0.012871831005879748,0.008108108108108109,42,5138,1,0.1,104968,5180,26,without_all_crc,leave_one_gateway_out,00000f0c210281c4
0.9918918918918919,0.5,0.0,0.0,0.0,0.5011214294982298,0.013140633585095901,0.008108108108108109,42,5138,1,0.1,104968,5180,8,current_radio_only,leave_one_gateway_out,00000f0c210281c4
0.9918918918918919,0.5,0.0,0.0,0.0,0.5466320043003579,0.010559311496801655,0.008108108108108109,42,5138,1,0.1,104968,5180,2,delayed_radio_only,leave_one_gateway_out,00000f0c210281c4
0.9893326560416534,0.5,0.0,0.0,0.0,0.6919790893059617,0.028156151037771526,0.010667343958346561,168,15581,1,0.1,94399,15749,33,full_features,leave_one_gateway_out,00000f0c210721f2
0.9817766207378247,0.4961812463898338,0.0,0.0,0.0,0.1801870257120241,0.0060161591036925356,0.010667343958346561,168,15581,1,0.1,94399,15749,1,current_crc_only,leave_one_gateway_out,00000f0c210721f2
0.9893326560416534,0.5,0.0,0.0,0.0,0.6919618980382088,0.028148400909645925,0.010667343958346561,168,15581,1,0.1,94399,15749,32,without_current_crc,leave_one_gateway_out,00000f0c210721f2
0.9893326560416534,0.5,0.0,0.0,0.0,0.6434683879327996,0.021556740182131384,0.010667343958346561,168,15581,1,0.1,94399,15749,28,without_current_rolling_crc,leave_one_gateway_out,00000f0c210721f2
0.9893326560416534,0.5,0.0,0.0,0.0,0.6455317220913139,0.019816382207758165,0.010667343958346561,168,15581,1,0.1,94399,15749,26,without_all_crc,leave_one_gateway_out,00000f0c210721f2
0.9893326560416534,0.5,0.0,0.0,0.0,0.5209424023765209,0.013466817835001085,0.010667343958346561,168,15581,1,0.1,94399,15749,8,current_radio_only,leave_one_gateway_out,00000f0c210721f2
0.9893326560416534,0.5,0.0,0.0,0.0,0.6155703986234761,0.01821266542312938,0.010667343958346561,168,15581,1,0.1,94399,15749,2,delayed_radio_only,leave_one_gateway_out,00000f0c210721f2
0.4715709261430246,0.6143309778289933,0.36241490505195273,0.9772946859903382,0.5287506534239415,0.7904448631104445,0.6094695981199132,0.3033411488862837,2070,4754,1,0.1,103324,6824,33,full_features,leave_one_gateway_out,00000f0c22433141
0.2567409144196952,0.38882283721412325,0.24991669443518827,0.7246376811594203,0.37165510406342916,0.20342152756183962,0.19495526460997173,0.3033411488862837,2070,4754,1,0.1,103324,6824,1,current_crc_only,leave_one_gateway_out,00000f0c22433141
0.4715709261430246,0.6143309778289933,0.36241490505195273,0.9772946859903382,0.5287506534239415,0.7904301285060736,0.6094466462396074,0.3033411488862837,2070,4754,1,0.1,103324,6824,32,without_current_crc,leave_one_gateway_out,00000f0c22433141
0.3716295427901524,0.5483295023361969,0.325299306868305,0.9975845410628019,0.4906153480636731,0.7649848894091728,0.553658989052843,0.3033411488862837,2070,4754,1,0.1,103324,6824,28,without_current_rolling_crc,leave_one_gateway_out,00000f0c22433141
0.319021101992966,0.5109809385028423,0.30805899001936543,0.9990338164251208,0.47090971194352726,0.7110149805198369,0.46829554541357793,0.3033411488862837,2070,4754,1,0.1,103324,6824,26,without_all_crc,leave_one_gateway_out,00000f0c22433141
0.6938745603751465,0.5027746784299618,0.39325842696629215,0.016908212560386472,0.03242241778601204,0.4703157676525641,0.2926832860292896,0.3033411488862837,2070,4754,1,0.1,103324,6824,8,current_radio_only,leave_one_gateway_out,00000f0c22433141
0.6949003516998827,0.49996524665727715,0.3,0.004347826086956522,0.008571428571428572,0.4961845504116543,0.30551547570167725,0.3033411488862837,2070,4754,1,0.1,103324,6824,2,delayed_radio_only,leave_one_gateway_out,00000f0c22433141
0.8043105559637521,0.6432373846056791,0.5885608856088561,0.3564245810055866,0.4439805149617258,0.7933041503403125,0.5176561451119287,0.21920156747489591,895,3188,1,0.1,106065,4083,33,full_features,leave_one_gateway_out,00800000a0001793
0.7430810678422728,0.4794633156459629,0.05232558139534884,0.01005586592178771,0.016869728209934397,0.19311401694903374,0.14108787585910762,0.21920156747489591,895,3188,1,0.1,106065,4083,1,current_crc_only,leave_one_gateway_out,00800000a0001793
0.8038207200587804,0.6437273504692878,0.5857664233576643,0.358659217877095,0.44490644490644493,0.7934646684844704,0.5178217783778243,0.21920156747489591,895,3188,1,0.1,106065,4083,32,without_current_crc,leave_one_gateway_out,00800000a0001793
0.7834925300024492,0.5085561778456923,0.7391304347826086,0.01899441340782123,0.037037037037037035,0.7277012960613475,0.44749024856478203,0.21920156747489591,895,3188,1,0.1,106065,4083,28,without_current_rolling_crc,leave_one_gateway_out,00800000a0001793
0.5919666911584619,0.6872745561217695,0.33275488069414316,0.8569832402234637,0.479375,0.7802874606590358,0.4997284271004503,0.21920156747489591,895,3188,1,0.1,106065,4083,26,without_all_crc,leave_one_gateway_out,00800000a0001793
0.6759735488611315,0.43890059090303724,0.03275109170305677,0.01675977653631285,0.022172949002217297,0.33725002278095934,0.15588815800315808,0.21920156747489591,895,3188,1,0.1,106065,4083,8,current_radio_only,leave_one_gateway_out,00800000a0001793
0.7800636786676464,0.49952948557089083,0.0,0.0,0.0,0.52661797382643,0.22659889306743242,0.21920156747489591,895,3188,1,0.1,106065,4083,2,delayed_radio_only,leave_one_gateway_out,00800000a0001793
0.5900565644537065,0.7004150744179514,0.361504640937958,0.9135802469135802,0.5180259012950648,0.8247581961456683,0.6042249582755898,0.24114319738017267,810,2549,1,0.1,106789,3359,33,full_features,leave_one_gateway_out,00800000a0001794
0.509377791009229,0.37478677186405707,0.0908203125,0.11481481481481481,0.10141766630316248,0.24525352474221312,0.15851759171284796,0.24114319738017267,810,2549,1,0.1,106789,3359,1,current_crc_only,leave_one_gateway_out,00800000a0001794
0.5897588568026199,0.699797790467334,0.36119257086999024,0.9123456790123456,0.5175070028011205,0.8247267144220198,0.604203586769892,0.24114319738017267,810,2549,1,0.1,106789,3359,32,without_current_crc,leave_one_gateway_out,00800000a0001794
0.6537660017862459,0.7061752611772227,0.3937387116195063,0.8074074074074075,0.5293403480372318,0.7938392688490766,0.563222222687811,0.24114319738017267,810,2549,1,0.1,106789,3359,28,without_current_rolling_crc,leave_one_gateway_out,00800000a0001794
0.7168800238166121,0.58352004417128,0.39461883408071746,0.32592592592592595,0.35699797160243407,0.6278099860027413,0.3647863253151673,0.24114319738017267,810,2549,1,0.1,106789,3359,26,without_all_crc,leave_one_gateway_out,00800000a0001794
0.5233700506103007,0.5090812664370923,0.24824952259707192,0.48148148148148145,0.32759344813103736,0.535881415612029,0.24535289844278427,0.24114319738017267,810,2549,1,0.1,106789,3359,8,current_radio_only,leave_one_gateway_out,00800000a0001794
0.7490324501339685,0.5006860594084342,0.2537313432835821,0.020987654320987655,0.03876852907639681,0.49880660050661363,0.23986960537357221,0.24114319738017267,810,2549,1,0.1,106789,3359,2,delayed_radio_only,leave_one_gateway_out,00800000a0001794
0.6242424242424243,0.6975200045400375,0.32934131736526945,0.8208955223880597,0.4700854700854701,0.7938255490607796,0.5016140975769767,0.20303030303030303,67,263,1,0.1,109818,330,33,full_features,leave_one_gateway_out,00800000a0001914
0.5,0.3414959423415243,0.046296296296296294,0.07462686567164178,0.05714285714285714,0.2021167924635378,0.127526258264879,0.20303030303030303,67,263,1,0.1,109818,330,1,current_crc_only,leave_one_gateway_out,00800000a0001914
0.6242424242424243,0.6975200045400375,0.32934131736526945,0.8208955223880597,0.4700854700854701,0.7936552976562057,0.5014843782989036,0.20303030303030303,67,263,1,0.1,109818,330,32,without_current_crc,leave_one_gateway_out,00800000a0001914
0.6909090909090909,0.7282220078315647,0.375886524822695,0.7910447761194029,0.5096153846153846,0.7974008285568356,0.5413626437975091,0.20303030303030303,67,263,1,0.1,109818,330,28,without_current_rolling_crc,leave_one_gateway_out,00800000a0001914
0.793939393939394,0.5759605016741388,0.4827586206896552,0.208955223880597,0.2916666666666667,0.6051869927926905,0.3139343614286972,0.20303030303030303,67,263,1,0.1,109818,330,26,without_all_crc,leave_one_gateway_out,00800000a0001914
0.6090909090909091,0.47111401169059647,0.1702127659574468,0.23880597014925373,0.19875776397515527,0.49917711821122523,0.20698575663820148,0.20303030303030303,67,263,1,0.1,109818,330,8,current_radio_only,leave_one_gateway_out,00800000a0001914
0.5303030303030303,0.42168435389591963,0.13333333333333333,0.23880597014925373,0.1711229946524064,0.45593326144940693,0.20654786339161096,0.20303030303030303,67,263,1,0.1,109818,330,2,delayed_radio_only,leave_one_gateway_out,00800000a0001914
0.8334503050261837,0.6666866901916946,0.5572831423895254,0.4047548291233284,0.468927526252367,0.8060590997216639,0.520498369666005,0.18166603681908977,6730,30316,1,0.1,73102,37046,33,full_features,leave_one_gateway_out,7276ff002e062804
0.1803163634400475,0.495244866994846,0.18024891774891774,0.9898959881129272,0.3049668116273747,0.37385005970787744,0.1362798616381008,0.18166603681908977,6730,30316,1,0.1,73102,37046,1,current_crc_only,leave_one_gateway_out,7276ff002e062804
0.8334772984937645,0.6661829717564389,0.5576093653727665,0.4034175334323923,0.4681438055004742,0.8062141970844205,0.5207268054333227,0.18166603681908977,6730,30316,1,0.1,73102,37046,32,without_current_crc,leave_one_gateway_out,7276ff002e062804
0.8292663175511527,0.5637872899759973,0.6288987905792489,0.14680534918276375,0.2380436092037104,0.7337463021993006,0.41707972231221496,0.18166603681908977,6730,30316,1,0.1,73102,37046,28,without_current_rolling_crc,leave_one_gateway_out,7276ff002e062804
0.8099929816984289,0.500972813947666,0.2023121387283237,0.015601783060921248,0.028969513036280866,0.5656058217484106,0.20796503437795777,0.18166603681908977,6730,30316,1,0.1,73102,37046,26,without_all_crc,leave_one_gateway_out,7276ff002e062804
0.26297036117259626,0.5038403359795885,0.18296967455621302,0.8821693907875185,0.3030782582061361,0.5088684871998113,0.18014218257678905,0.18166603681908977,6730,30316,1,0.1,73102,37046,8,current_radio_only,leave_one_gateway_out,7276ff002e062804
0.18212492576796416,0.5001069762052689,0.18169786349026282,0.999554234769688,0.30749891436015814,0.540345782228089,0.1988247251371839,0.18166603681908977,6730,30316,1,0.1,73102,37046,2,delayed_radio_only,leave_one_gateway_out,7276ff002e062804
0.6379677436525257,0.6379677436525257,0.0,0.0,0.0,,,0.0,0,37574,0,0.2,72574,37574,33,full_features,leave_one_gateway_out,0000024b0b031c97
0.0,0.0,0.0,0.0,0.0,,,0.0,0,37574,0,0.2,72574,37574,1,current_crc_only,leave_one_gateway_out,0000024b0b031c97
0.6387927822430404,0.6387927822430404,0.0,0.0,0.0,,,0.0,0,37574,0,0.2,72574,37574,32,without_current_crc,leave_one_gateway_out,0000024b0b031c97
0.2475115771544153,0.2475115771544153,0.0,0.0,0.0,,,0.0,0,37574,0,0.2,72574,37574,28,without_current_rolling_crc,leave_one_gateway_out,0000024b0b031c97
0.9947570128280194,0.9947570128280194,0.0,0.0,0.0,,,0.0,0,37574,0,0.2,72574,37574,26,without_all_crc,leave_one_gateway_out,0000024b0b031c97
0.7735668281258317,0.7735668281258317,0.0,0.0,0.0,,,0.0,0,37574,0,0.2,72574,37574,8,current_radio_only,leave_one_gateway_out,0000024b0b031c97
1.0,1.0,0.0,0.0,0.0,,,0.0,0,37574,0,0.2,72574,37574,2,delayed_radio_only,leave_one_gateway_out,0000024b0b031c97
1.0,1.0,0.0,0.0,0.0,,,0.0,0,5180,0,0.2,104968,5180,33,full_features,leave_one_gateway_out,00000f0c210281c4
0.9998069498069498,0.9998069498069498,0.0,0.0,0.0,,,0.0,0,5180,0,0.2,104968,5180,1,current_crc_only,leave_one_gateway_out,00000f0c210281c4
1.0,1.0,0.0,0.0,0.0,,,0.0,0,5180,0,0.2,104968,5180,32,without_current_crc,leave_one_gateway_out,00000f0c210281c4
1.0,1.0,0.0,0.0,0.0,,,0.0,0,5180,0,0.2,104968,5180,28,without_current_rolling_crc,leave_one_gateway_out,00000f0c210281c4
1.0,1.0,0.0,0.0,0.0,,,0.0,0,5180,0,0.2,104968,5180,26,without_all_crc,leave_one_gateway_out,00000f0c210281c4
1.0,1.0,0.0,0.0,0.0,,,0.0,0,5180,0,0.2,104968,5180,8,current_radio_only,leave_one_gateway_out,00000f0c210281c4
1.0,1.0,0.0,0.0,0.0,,,0.0,0,5180,0,0.2,104968,5180,2,delayed_radio_only,leave_one_gateway_out,00000f0c210281c4
1.0,1.0,0.0,0.0,0.0,,,0.0,0,15749,0,0.2,94399,15749,33,full_features,leave_one_gateway_out,00000f0c210721f2
0.9779668550384152,0.9779668550384152,0.0,0.0,0.0,,,0.0,0,15749,0,0.2,94399,15749,1,current_crc_only,leave_one_gateway_out,00000f0c210721f2
1.0,1.0,0.0,0.0,0.0,,,0.0,0,15749,0,0.2,94399,15749,32,without_current_crc,leave_one_gateway_out,00000f0c210721f2
1.0,1.0,0.0,0.0,0.0,,,0.0,0,15749,0,0.2,94399,15749,28,without_current_rolling_crc,leave_one_gateway_out,00000f0c210721f2
1.0,1.0,0.0,0.0,0.0,,,0.0,0,15749,0,0.2,94399,15749,26,without_all_crc,leave_one_gateway_out,00000f0c210721f2
1.0,1.0,0.0,0.0,0.0,,,0.0,0,15749,0,0.2,94399,15749,8,current_radio_only,leave_one_gateway_out,00000f0c210721f2
0.9998730078100196,0.9998730078100196,0.0,0.0,0.0,,,0.0,0,15749,0,0.2,94399,15749,2,delayed_radio_only,leave_one_gateway_out,00000f0c210721f2
0.5936400937866354,0.7229314646147575,0.25083892617449666,0.905146316851665,0.3928180424786512,0.8242568164050775,0.4800928641244912,0.14522274325908557,991,5833,1,0.2,103324,6824,33,full_features,leave_one_gateway_out,00000f0c22433141
0.14522274325908557,0.3596947359079305,0.10659733506662333,0.6619576185671039,0.18362491252624213,0.1809700643698308,0.08654338240184406,0.14522274325908557,991,5833,1,0.2,103324,6824,1,current_crc_only,leave_one_gateway_out,00000f0c22433141
0.5936400937866354,0.7229314646147575,0.25083892617449666,0.905146316851665,0.3928180424786512,0.8242780948301558,0.4802171923272789,0.14522274325908557,991,5833,1,0.2,103324,6824,32,without_current_crc,leave_one_gateway_out,00000f0c22433141
0.5558323563892146,0.7058417753610715,0.23561430793157076,0.917255297679112,0.37492266446690037,0.8104357008377991,0.4015763065590368,0.14522274325908557,991,5833,1,0.2,103324,6824,28,without_current_rolling_crc,leave_one_gateway_out,00000f0c22433141
0.854337631887456,0.4997428424481399,0.0,0.0,0.0,0.5055599832748119,0.1457274254602582,0.14522274325908557,991,5833,1,0.2,103324,6824,26,without_all_crc,leave_one_gateway_out,00000f0c22433141
0.8368991793669402,0.5050386618603951,0.18877551020408162,0.03733602421796166,0.062342038753159225,0.49114376378664626,0.15057160633654865,0.14522274325908557,991,5833,1,0.2,103324,6824,8,current_radio_only,leave_one_gateway_out,00000f0c22433141
0.8536049237983587,0.49973306821222996,0.1,0.0010090817356205853,0.001998001998001998,0.499934348273844,0.14931906683992327,0.14522274325908557,991,5833,1,0.2,103324,6824,2,delayed_radio_only,leave_one_gateway_out,00000f0c22433141
0.9101151114376684,0.6907238856515923,0.3716012084592145,0.43617021276595747,0.401305057096248,0.8687663380857221,0.348539962479586,0.06906686260102865,282,3801,1,0.2,106065,4083,33,full_features,leave_one_gateway_out,00800000a0001793
0.8851334802841049,0.4786842208377415,0.010471204188481676,0.0070921985815602835,0.008456659619450317,0.14340197894917536,0.04331977883819519,0.06906686260102865,282,3801,1,0.2,106065,4083,1,current_crc_only,leave_one_gateway_out,00800000a0001793
0.9103600293901543,0.6924969352969823,0.37349397590361444,0.4397163120567376,0.40390879478827363,0.8688344425972262,0.34873810648142883,0.06906686260102865,282,3801,1,0.2,106065,4083,32,without_current_crc,leave_one_gateway_out,00800000a0001793
0.934851824638746,0.6301421238531854,0.5571428571428572,0.2765957446808511,0.3696682464454976,0.8549420551889106,0.3522737109481348,0.06906686260102865,282,3801,1,0.2,106065,4083,28,without_current_rolling_crc,leave_one_gateway_out,00800000a0001793
0.16409502816556454,0.5477561895805695,0.07586020048767272,0.9929078014184397,0.1409514220991694,0.8373393713113942,0.3064955154521345,0.06906686260102865,282,3801,1,0.2,106065,4083,26,without_all_crc,leave_one_gateway_out,00800000a0001793
0.8528043105559637,0.45967886390479545,0.003115264797507788,0.0035460992907801418,0.003316749585406302,0.40543268755329415,0.05283282537882944,0.06906686260102865,282,3801,1,0.2,106065,4083,8,current_radio_only,leave_one_gateway_out,00800000a0001793
0.9309331373989713,0.5,0.0,0.0,0.0,0.5715461216813045,0.07845775742413819,0.06906686260102865,282,3801,1,0.2,106065,4083,2,delayed_radio_only,leave_one_gateway_out,00800000a0001793
0.5370646025602858,0.7328730339163921,0.1491469455145845,0.9678571428571429,0.25846447305674775,0.879949426993922,0.4044537587622575,0.08335814230425721,280,3079,1,0.2,106789,3359,33,full_features,leave_one_gateway_out,00800000a0001794
0.5659422447156892,0.36065048949102213,0.02576489533011272,0.11428571428571428,0.04204993429697766,0.21554829954066718,0.0505275136029778,0.08335814230425721,280,3079,1,0.2,106789,3359,1,current_crc_only,leave_one_gateway_out,00800000a0001794
0.5379577255135457,0.7333602050758595,0.149393605292172,0.9678571428571429,0.2588347659980898,0.879986544796548,0.4043956391022382,0.08335814230425721,280,3079,1,0.2,106789,3359,32,without_current_crc,leave_one_gateway_out,00800000a0001794
0.5328966954450729,0.725729596807869,0.14684931506849316,0.9571428571428572,0.25463182897862235,0.8544077390618476,0.34678470164545966,0.08335814230425721,280,3079,1,0.2,106789,3359,28,without_current_rolling_crc,leave_one_gateway_out,00800000a0001794
0.5337898183983328,0.575247645339396,0.1069682151589242,0.625,0.1826722338204593,0.6721732473437573,0.1765432559139807,0.08335814230425721,280,3079,1,0.2,106789,3359,26,without_all_crc,leave_one_gateway_out,00800000a0001794
0.5346829413515928,0.5465149863128103,0.09830932999373826,0.5607142857142857,0.16728822589238146,0.6026956804157194,0.10401307447276509,0.08335814230425721,280,3079,1,0.2,106789,3359,8,current_radio_only,leave_one_gateway_out,00800000a0001794
0.9047335516522774,0.5048676518350114,0.12962962962962962,0.025,0.041916167664670656,0.5090405048021157,0.08981361791140298,0.08335814230425721,280,3079,1,0.2,106789,3359,2,delayed_radio_only,leave_one_gateway_out,00800000a0001794
0.6151515151515151,0.7951612903225806,0.1360544217687075,1.0,0.23952095808383234,0.8987096774193549,0.35157283535582784,0.06060606060606061,20,310,1,0.2,109818,330,33,full_features,leave_one_gateway_out,00800000a0001914
0.5696969696969697,0.3032258064516129,0.0,0.0,0.0,0.11282258064516128,0.03550105701431612,0.06060606060606061,20,310,1,0.2,109818,330,1,current_crc_only,leave_one_gateway_out,00800000a0001914
0.6181818181818182,0.7967741935483871,0.136986301369863,1.0,0.24096385542168675,0.8987096774193549,0.35157283535582784,0.06060606060606061,20,310,1,0.2,109818,330,32,without_current_crc,leave_one_gateway_out,00800000a0001914
0.6,0.7403225806451613,0.12162162162162163,0.9,0.21428571428571427,0.8653225806451613,0.366224845491541,0.06060606060606061,20,310,1,0.2,109818,330,28,without_current_rolling_crc,leave_one_gateway_out,00800000a0001914
0.806060606060606,0.5459677419354838,0.09259259259259259,0.25,0.13513513513513514,0.6017741935483871,0.14916551677862594,0.06060606060606061,20,310,1,0.2,109818,330,26,without_all_crc,leave_one_gateway_out,00800000a0001914
0.693939393939394,0.48629032258064514,0.054945054945054944,0.25,0.09009009009009009,0.5419354838709678,0.1297230317363291,0.06060606060606061,20,310,1,0.2,109818,330,8,current_radio_only,leave_one_gateway_out,00800000a0001914
0.9272727272727272,0.5403225806451613,0.25,0.1,0.14285714285714285,0.45741935483870966,0.13285735906027166,0.06060606060606061,20,310,1,0.2,109818,330,2,delayed_radio_only,leave_one_gateway_out,00800000a0001914
0.957917184041462,0.6082033742132968,0.41836734693877553,0.2292103424178896,0.2961625282167043,0.8694185713292036,0.2940129203173483,0.03862765210818982,1431,35615,1,0.2,73102,37046,33,full_features,leave_one_gateway_out,7276ff002e062804
0.03938346920045349,0.49033208335945416,0.037907895448887924,0.9790356394129979,0.07298965849592332,0.35817019952785306,0.027650683251265178,0.03862765210818982,1431,35615,1,0.2,73102,37046,1,current_crc_only,leave_one_gateway_out,7276ff002e062804
0.9580251579117853,0.6082595303272937,0.4205128205128205,0.2292103424178896,0.2966983265490728,0.8697000778866856,0.29454290655071386,0.03862765210818982,1431,35615,1,0.2,73102,37046,32,without_current_crc,leave_one_gateway_out,7276ff002e062804
0.9595097986287319,0.5446412164881964,0.39882697947214074,0.09503843466107617,0.15349887133182843,0.8194259145946347,0.20945480067757088,0.03862765210818982,1431,35615,1,0.2,73102,37046,28,without_current_rolling_crc,leave_one_gateway_out,7276ff002e062804
0.9387518220590617,0.5123817167701052,0.07331975560081466,0.050314465408805034,0.059676750932449237,0.6603746507534132,0.06334610291701886,0.03862765210818982,1431,35615,1,0.2,73102,37046,26,without_all_crc,leave_one_gateway_out,7276ff002e062804
0.29269016897910705,0.5516472607265388,0.043860941297783014,0.8322851153039832,0.08333041805142558,0.5616831058686965,0.04390698171543113,0.03862765210818982,1431,35615,1,0.2,73102,37046,8,current_radio_only,leave_one_gateway_out,7276ff002e062804
0.039356475732872646,0.500043686788195,0.03863089931653024,0.9993011879804332,0.07438618393674573,0.5992940262118768,0.04922586937228787,0.03862765210818982,1431,35615,1,0.2,73102,37046,2,delayed_radio_only,leave_one_gateway_out,7276ff002e062804
